[
  {
    "id": "9dbe8961-c04f-4516-ac61-631c129452cd",
    "data": [
      {
        "text": "Age",
        "alias": "age",
        "meta": "@sys.age",
        "userDefined": true
      },
      {
        "text": " वर्ष",
        "userDefined": false
      }
    ],
    "isTemplate": false,
    "count": 0,
    "updated": 0
  },
  {
    "id": "7fa7a5cd-2cbc-49f7-990b-9398814e3981",
    "data": [
      {
        "text": " ",
        "userDefined": false
      },
      {
        "text": "Age",
        "alias": "age",
        "meta": "@sys.age",
        "userDefined": true
      },
      {
        "text": " साल",
        "userDefined": false
      }
    ],
    "isTemplate": false,
    "count": 0,
    "updated": 0
  }
]