[
  {
    "id": "3c340adf-1ad8-4937-adaa-b9adfc6df441",
    "data": [
      {
        "text": "मै ",
        "userDefined": false
      },
      {
        "text": "Gender",
        "alias": "Gender",
        "meta": "@Gender",
        "userDefined": true
      },
      {
        "text": " हूँ",
        "userDefined": false
      }
    ],
    "isTemplate": false,
    "count": 0,
    "updated": 0
  },
  {
    "id": "303eeca8-7a38-461f-bb9c-3be32dd5f9e6",
    "data": [
      {
        "text": "Gender",
        "alias": "Gender",
        "meta": "@Gender",
        "userDefined": true
      }
    ],
    "isTemplate": false,
    "count": 0,
    "updated": 0
  }
]