[
  {
    "id": "eea18526-bb43-499a-94a8-25157225b677",
    "data": [
      {
        "text": "user_name",
        "alias": "user_name",
        "meta": "@sys.given-name",
        "userDefined": true
      }
    ],
    "isTemplate": false,
    "count": 0,
    "updated": 0
  },
  {
    "id": "055db5fc-4d68-4858-81bc-cc53a0fdac51",
    "data": [
      {
        "text": "मेरा नाम ",
        "userDefined": false
      },
      {
        "text": "user_name",
        "alias": "user_name",
        "meta": "@sys.given-name",
        "userDefined": true
      },
      {
        "text": " है",
        "userDefined": false
      }
    ],
    "isTemplate": false,
    "count": 0,
    "updated": 0
  }
]